Código;Especificação;Previsto Janeiro;Previsto Fevereiro;Previsto Março;Previsto Abril;Previsto Maio;Previsto Junho;Previsto Julho;Previsto Agosto;Previsto Setembro;Previsto Outubro;Previsto Novembro;Previsto Dezembro;Total Previsto;Realizado Janeiro;Realizado Fevereiro;Realizado Março;Realizado Abril;Realizado Maio;Realizado Junho;Realizado Julho;Realizado Agosto;Realizado Setembro;Realizado Outubro;Realizado Novembro;Realizado Dezembro;Total Realizado;Diferença Janeiro;Diferença Fevereiro;Diferença Março;Diferença Abril;Diferença Maio;Diferença Junho;Diferença Julho;Diferença Agosto;Diferença Setembro;Diferença Outubro;Diferença Novembro;Diferença Dezembro;Total Diferença
1.500.000.0000;Recursos não vinculados de Impostos;14.869.765,75;19.992.612,53;14.135.245,28;17.695.066,78;20.420.667,64;15.344.503,13;16.287.554,76;14.267.147,07;16.112.650,35;14.139.686,33;15.348.297,25;20.749.734,53;199.362.931,40;16.329.797,65;20.742.859,00;10.560.567,08;0,00;0,00;0,00;0,00;0,00;0,00;0,00;0,00;0,00;47.633.223,73;1.460.031,90;750.246,47;-3.574.678,20;-17.695.066,78;-20.420.667,64;-15.344.503,13;-16.287.554,76;-14.267.147,07;-16.112.650,35;-14.139.686,33;-15.348.297,25;-20.749.734,53;-151.729.707,67
1.500.000.1001;Recursos não vinculados de Impostos (Educação);2.218.079,82;2.769.800,50;2.076.578,00;3.836.302,66;4.748.473,08;2.865.886,09;3.605.832,46;2.816.715,78;3.576.504,09;3.012.607,44;3.062.008,61;4.501.969,97;39.090.758,50;2.484.999,06;2.708.948,51;1.711.218,53;0,00;0,00;0,00;0,00;0,00;0,00;0,00;0,00;0,00;6.905.166,10;266.919,24;-60.851,99;-365.359,47;-3.836.302,66;-4.748.473,08;-2.865.886,09;-3.605.832,46;-2.816.715,78;-3.576.504,09;-3.012.607,44;-3.062.008,61;-4.501.969,97;-32.185.592,40
1.500.000.1001;Recursos não vinculados de Impostos (Educação);2.218.079,82;2.769.800,50;2.076.578,00;3.836.302,66;4.748.473,08;2.865.886,09;3.605.832,46;2.816.715,78;3.576.504,09;3.012.607,44;3.062.008,61;4.501.969,97;39.090.758,50;2.484.999,06;2.708.948,51;1.711.218,53;0,00;0,00;0,00;0,00;0,00;0,00;0,00;0,00;0,00;6.905.166,10;266.919,24;-60.851,99;-365.359,47;-3.836.302,66;-4.748.473,08;-2.865.886,09;-3.605.832,46;-2.816.715,78;-3.576.504,09;-3.012.607,44;-3.062.008,61;-4.501.969,97;-32.185.592,40
1.502.000.0000;Recursos não vinculados da compensação de impostos.;0,00;0,00;0,00;0,00;0,00;0,00;0,00;0,00;0,00;0,00;0,00;0,00;0,00;2.021,88;1.751,84;0,00;0,00;0,00;0,00;0,00;0,00;0,00;0,00;0,00;0,00;3.773,72;2.021,88;1.751,84;0,00;0,00;0,00;0,00;0,00;0,00;0,00;0,00;0,00;0,00;3.773,72
1.502.000.0000;Recursos não vinculados da compensação de impostos.;0,00;0,00;0,00;0,00;0,00;0,00;0,00;0,00;0,00;0,00;0,00;0,00;0,00;2.021,88;1.751,84;0,00;0,00;0,00;0,00;0,00;0,00;0,00;0,00;0,00;0,00;3.773,72;2.021,88;1.751,84;0,00;0,00;0,00;0,00;0,00;0,00;0,00;0,00;0,00;0,00;3.773,72
1.540.000.0000;Transferências do FUNDEB - Impostos e Transferências de Impostos (30%);1.627.001,83;1.993.931,52;1.540.261,24;1.715.014,37;1.460.485,02;1.467.450,15;1.513.530,26;1.403.940,84;1.468.745,72;1.375.627,26;1.500.797,80;1.785.046,11;18.851.832,12;1.778.164,68;2.068.145,92;1.285.177,75;0,00;0,00;0,00;0,00;0,00;0,00;0,00;0,00;0,00;5.131.488,35;151.162,85;74.214,40;-255.083,49;-1.715.014,37;-1.460.485,02;-1.467.450,15;-1.513.530,26;-1.403.940,84;-1.468.745,72;-1.375.627,26;-1.500.797,80;-1.785.046,11;-13.720.343,77
1.540.000.1070;Transferências do FUNDEB - Impostos e Transferências de Impostos (70% -Pagto da Remuneração dos Profissionais da Educação Básica em Efetivo Exercício);3.796.337,60;4.652.506,90;3.593.942,90;4.001.700,24;3.407.798,33;3.424.050,36;3.531.570,60;3.275.862,01;3.427.073,32;3.209.797,00;3.501.861,52;4.165.107,49;43.987.608,27;4.149.050,96;4.879.454,46;2.998.748,09;0,00;0,00;0,00;0,00;0,00;0,00;0,00;0,00;0,00;12.027.253,51;352.713,36;226.947,56;-595.194,81;-4.001.700,24;-3.407.798,33;-3.424.050,36;-3.531.570,60;-3.275.862,01;-3.427.073,32;-3.209.797,00;-3.501.861,52;-4.165.107,49;-31.960.354,76
1.546.000.0000;Transferências do FUNDEB - Complementação da União - ETI;0,00;0,00;0,00;0,00;0,00;0,00;0,00;0,00;0,00;0,00;0,00;0,00;0,00;45.368,70;30.295,20;0,00;0,00;0,00;0,00;0,00;0,00;0,00;0,00;0,00;0,00;75.663,90;45.368,70;30.295,20;0,00;0,00;0,00;0,00;0,00;0,00;0,00;0,00;0,00;0,00;75.663,90
1.546.000.1070;Transferências do FUNDEB - Complementação da União - ETI - 70%;0,00;0,00;0,00;0,00;0,00;0,00;0,00;0,00;0,00;0,00;0,00;0,00;0,00;105.860,30;0,00;0,00;0,00;0,00;0,00;0,00;0,00;0,00;0,00;0,00;0,00;105.860,30;105.860,30;0,00;0,00;0,00;0,00;0,00;0,00;0,00;0,00;0,00;0,00;0,00;105.860,30
1.550.000.0000;QESE - Transferência do Salário-Educação;589.445,96;369.873,63;369.260,28;366.227,46;365.484,03;375.145,45;386.113,96;357.092,98;355.120,31;386.440,81;368.894,51;365.671,10;4.654.770,48;622.735,23;403.123,60;51,24;0,00;0,00;0,00;0,00;0,00;0,00;0,00;0,00;0,00;1.025.910,07;33.289,27;33.249,97;-369.209,04;-366.227,46;-365.484,03;-375.145,45;-386.113,96;-357.092,98;-355.120,31;-386.440,81;-368.894,51;-365.671,10;-3.628.860,41
1.551.000.0000;Transferências de Recursos do FNDE Referentes ao Programa Dinheiro Direto na Escola (PDDE);4.684,18;4.684,18;4.684,18;4.684,18;4.684,18;4.684,18;4.684,18;4.684,18;4.684,18;4.684,18;4.684,18;4.684,15;56.210,13;0,00;0,00;0,00;0,00;0,00;0,00;0,00;0,00;0,00;0,00;0,00;0,00;0,00;-4.684,18;-4.684,18;-4.684,18;-4.684,18;-4.684,18;-4.684,18;-4.684,18;-4.684,18;-4.684,18;-4.684,18;-4.684,18;-4.684,15;-56.210,13
1.552.000.0000;PNAE - Transferências de Recursos do FNDE Referentes ao Programa Nacional de Alimentação Escolar;510,42;200.574,89;200.574,89;510,42;400.639,36;200.574,89;200.574,89;200.574,88;510,42;510,42;510,42;510,46;1.406.576,36;3.667,11;105.984,19;103.155,50;0,00;0,00;0,00;0,00;0,00;0,00;0,00;0,00;0,00;212.806,80;3.156,69;-94.590,70;-97.419,39;-510,42;-400.639,36;-200.574,89;-200.574,89;-200.574,88;-510,42;-510,42;-510,42;-510,46;-1.193.769,56
1.553.000.0000;PNATE - Transferências de Recursos do FNDE Referentes ao Programa Nacional de Apoio ao Transporte Escolar;2.002,20;2.002,20;105.259,83;2.002,20;2.002,20;2.002,20;2.002,20;2.002,20;105.259,82;2.002,20;2.002,20;2.002,20;230.541,65;1.296,23;1.123,11;0,00;0,00;0,00;0,00;0,00;0,00;0,00;0,00;0,00;0,00;2.419,34;-705,97;-879,09;-105.259,83;-2.002,20;-2.002,20;-2.002,20;-2.002,20;-2.002,20;-105.259,82;-2.002,20;-2.002,20;-2.002,20;-228.122,31
1.569.000.0000;Outras Transferências de Recursos do FNDE;626.045,98;626.045,98;626.045,98;626.045,98;626.045,98;626.045,98;626.045,98;626.045,98;626.045,98;626.045,98;626.045,98;626.045,99;7.512.551,77;4.224,71;4.102,39;0,00;0,00;0,00;0,00;0,00;0,00;0,00;0,00;0,00;0,00;8.327,10;-621.821,27;-621.943,59;-626.045,98;-626.045,98;-626.045,98;-626.045,98;-626.045,98;-626.045,98;-626.045,98;-626.045,98;-626.045,98;-626.045,99;-7.504.224,67
1.570.000.0000;Transferências do Governo Federal referentes a Convênios e Instrumentos Congêneres vinculados à Educação;20.662,34;20.662,34;20.662,34;20.662,34;20.662,34;20.662,34;20.662,34;20.662,34;20.662,34;20.662,34;20.662,34;20.662,33;247.948,07;0,00;0,00;0,00;0,00;0,00;0,00;0,00;0,00;0,00;0,00;0,00;0,00;0,00;-20.662,34;-20.662,34;-20.662,34;-20.662,34;-20.662,34;-20.662,34;-20.662,34;-20.662,34;-20.662,34;-20.662,34;-20.662,34;-20.662,33;-247.948,07
1.571.000.0000;Transferências do Estado referentes a Convênios e Instrumentos Congêneres vinculados à Educação;950,06;950,06;950,06;950,06;950,06;950,06;950,06;950,06;950,06;950,06;950,06;950,05;11.400,71;0,00;0,00;0,00;0,00;0,00;0,00;0,00;0,00;0,00;0,00;0,00;0,00;0,00;-950,06;-950,06;-950,06;-950,06;-950,06;-950,06;-950,06;-950,06;-950,06;-950,06;-950,06;-950,05;-11.400,71
1.576.000.0000;Transferências de Recursos dos Estados para programas de Educação;1.784,65;1.784,65;1.784,65;1.784,65;1.784,65;1.784,65;1.784,65;1.784,65;1.784,65;1.784,65;1.784,65;1.784,64;21.415,79;0,00;0,00;0,00;0,00;0,00;0,00;0,00;0,00;0,00;0,00;0,00;0,00;0,00;-1.784,65;-1.784,65;-1.784,65;-1.784,65;-1.784,65;-1.784,65;-1.784,65;-1.784,65;-1.784,65;-1.784,65;-1.784,65;-1.784,64;-21.415,79
1.576.001.0000;PTE- Transferências de Recursos dos Estados para Programas de Educação (Transferências de Recursos para o Programa Estadual de Transporte Escolar);10.137,47;117.062,74;117.062,74;117.062,74;117.062,74;117.062,74;117.062,74;117.062,74;117.062,74;117.062,74;117.062,70;10.137,42;1.190.902,25;10.789,03;178.227,27;168.958,65;0,00;0,00;0,00;0,00;0,00;0,00;0,00;0,00;0,00;357.974,95;651,56;61.164,53;51.895,91;-117.062,74;-117.062,74;-117.062,74;-117.062,74;-117.062,74;-117.062,74;-117.062,74;-117.062,70;-10.137,42;-832.927,30
1.599.003.0000;Outros Recursos Vinculados à Educação (Serviços Educacionais);993,79;993,79;993,79;993,79;993,79;993,79;993,79;993,79;993,79;993,79;993,79;993,75;11.925,44;9,16;7,51;78,78;0,00;0,00;0,00;0,00;0,00;0,00;0,00;0,00;0,00;95,45;-984,63;-986,28;-915,01;-993,79;-993,79;-993,79;-993,79;-993,79;-993,79;-993,79;-993,79;-993,75;-11.829,99
1.600.000.0000;Transferências Fundo a Fundo de Recursos do SUS provenientes do Governo Federal - Bloco de Manutenção das Ações e Serviços Públicos de Saúde;10.670.899,87;10.702.997,69;9.788.075,22;10.121.668,57;8.850.708,57;10.012.950,85;10.032.433,89;10.056.956,02;9.833.600,26;11.276.374,33;9.534.511,26;10.042.129,61;120.923.306,14;11.633.974,49;7.868.248,91;7.984.089,16;0,00;0,00;0,00;0,00;0,00;0,00;0,00;0,00;0,00;27.486.312,56;963.074,62;-2.834.748,78;-1.803.986,06;-10.121.668,57;-8.850.708,57;-10.012.950,85;-10.032.433,89;-10.056.956,02;-9.833.600,26;-11.276.374,33;-9.534.511,26;-10.042.129,61;-93.436.993,58
1.600.000.3110;Transferências Fundo a Fundo de Recursos do SUS provenientes do Governo Federal - Bloco de Manutenção das Ações e Serviços Públicos de Saúde;0,00;0,00;0,00;0,00;0,00;0,00;0,00;0,00;0,00;0,00;0,00;0,00;0,00;15.456,66;13.392,33;0,00;0,00;0,00;0,00;0,00;0,00;0,00;0,00;0,00;0,00;28.848,99;15.456,66;13.392,33;0,00;0,00;0,00;0,00;0,00;0,00;0,00;0,00;0,00;0,00;28.848,99
1.600.000.3120;Transferências Fundo a Fundo de Recursos do SUS provenientes do Governo Federal - Bloco de Manutenção das Ações e Serviços Públicos de Saúde;0,00;0,00;0,00;0,00;0,00;0,00;0,00;0,00;0,00;0,00;0,00;0,00;0,00;29.064,55;25.182,71;0,00;0,00;0,00;0,00;0,00;0,00;0,00;0,00;0,00;0,00;54.247,26;29.064,55;25.182,71;0,00;0,00;0,00;0,00;0,00;0,00;0,00;0,00;0,00;0,00;54.247,26
1.601.000.0000;Transferências Fundo a Fundo de Recursos do SUS provenientes do Governo Federal - Bloco de Estruturação da Rede de Serviços Públicos de Saúde;4.304,09;4.304,09;4.304,09;4.304,09;4.304,09;4.304,09;4.304,09;4.304,09;4.304,09;4.304,09;4.304,09;4.304,09;51.649,08;3.712,53;3.215,40;0,00;0,00;0,00;0,00;0,00;0,00;0,00;0,00;0,00;0,00;6.927,93;-591,56;-1.088,69;-4.304,09;-4.304,09;-4.304,09;-4.304,09;-4.304,09;-4.304,09;-4.304,09;-4.304,09;-4.304,09;-4.304,09;-44.721,15
1.604.000.0000;Transferências provenientes do Governo Federal destinadas ao vencimento dos agentes comunitários de saúde e dos agentes de combate às endemias;633.380,93;633.380,93;633.380,93;630.340,52;630.340,52;630.340,52;630.340,52;630.340,52;627.278,92;627.278,92;618.157,67;1.245.436,54;8.169.997,44;0,00;1.303.284,00;664.610,00;0,00;0,00;0,00;0,00;0,00;0,00;0,00;0,00;0,00;1.967.894,00;-633.380,93;669.903,07;31.229,07;-630.340,52;-630.340,52;-630.340,52;-630.340,52;-630.340,52;-627.278,92;-627.278,92;-618.157,67;-1.245.436,54;-6.202.103,44
1.605.000.0000;Assistência Financeira da União destinada à complementação ao pagamento dos pisos salariais para profissionais da enfermagem.;1.298.313,83;1.271.943,80;1.291.745,73;1.306.278,54;1.326.360,63;1.283.706,60;2.558.425,07;1.268.698,19;5.019,29;1.267.040,45;1.246.693,22;3.770.277,15;17.894.502,50;14.471,36;1.265.230,87;1.219.327,18;0,00;0,00;0,00;0,00;0,00;0,00;0,00;0,00;0,00;2.499.029,41;-1.283.842,47;-6.712,93;-72.418,55;-1.306.278,54;-1.326.360,63;-1.283.706,60;-2.558.425,07;-1.268.698,19;-5.019,29;-1.267.040,45;-1.246.693,22;-3.770.277,15;-15.395.473,09
1.621.000.0000;Transferências Fundo a Fundo de Recursos do SUS provenientes do Governo Estadual;422.579,13;9.011.668,52;603.245,56;3.947.633,05;9.804.872,47;1.278.115,66;1.075.188,09;1.230.150,52;1.874.965,02;608.109,64;499.245,56;634.329,63;30.990.102,85;284.442,00;6.330.961,33;227.602,53;0,00;0,00;0,00;0,00;0,00;0,00;0,00;0,00;0,00;6.843.005,86;-138.137,13;-2.680.707,19;-375.643,03;-3.947.633,05;-9.804.872,47;-1.278.115,66;-1.075.188,09;-1.230.150,52;-1.874.965,02;-608.109,64;-499.245,56;-634.329,63;-24.147.096,99
1.621.000.3210;Transferências Fundo a Fundo de Recursos do SUS provenientes do Governo Estadual;0,00;0,00;0,00;0,00;0,00;0,00;0,00;0,00;0,00;0,00;0,00;0,00;0,00;8.587,94;8.521,02;0,00;0,00;0,00;0,00;0,00;0,00;0,00;0,00;0,00;0,00;17.108,96;8.587,94;8.521,02;0,00;0,00;0,00;0,00;0,00;0,00;0,00;0,00;0,00;0,00;17.108,96
1.621.000.3220;Transferências Fundo a Fundo de Recursos do SUS provenientes do Governo Estadual;0,00;0,00;0,00;0,00;0,00;0,00;0,00;0,00;0,00;0,00;0,00;0,00;0,00;71,86;62,27;0,00;0,00;0,00;0,00;0,00;0,00;0,00;0,00;0,00;0,00;134,13;71,86;62,27;0,00;0,00;0,00;0,00;0,00;0,00;0,00;0,00;0,00;0,00;134,13
1.632.000.0000;Transferências do Estado referentes a Convênios e Instrumentos Congêneres Vinculados à Saúde;0,00;0,00;0,00;0,00;0,00;0,00;0,00;0,00;0,00;0,00;0,00;0,00;0,00;58.105,70;50.345,13;0,00;0,00;0,00;0,00;0,00;0,00;0,00;0,00;0,00;0,00;108.450,83;58.105,70;50.345,13;0,00;0,00;0,00;0,00;0,00;0,00;0,00;0,00;0,00;0,00;108.450,83
1.660.000.0000;Transferência de Recursos do Fundo Nacional de Assistência Social - FNAS;73.068,54;166.240,52;168.302,54;162.688,26;160.566,76;67.571,53;301.165,35;158.616,36;213.443,99;161.741,25;161.776,72;382.367,81;2.177.549,63;42.221,53;114.184,29;110.471,55;0,00;0,00;0,00;0,00;0,00;0,00;0,00;0,00;0,00;266.877,37;-30.847,01;-52.056,23;-57.830,99;-162.688,26;-160.566,76;-67.571,53;-301.165,35;-158.616,36;-213.443,99;-161.741,25;-161.776,72;-382.367,81;-1.910.672,26
1.661.000.0000;Transferência de Recursos dos Fundos Estaduais de Assistência Social;7.070,26;7.070,26;7.070,26;7.070,26;7.070,26;7.070,26;324.540,65;59.981,99;59.981,99;59.981,99;59.981,99;112.893,63;719.783,80;6.701,54;5.661,13;0,00;0,00;0,00;0,00;0,00;0,00;0,00;0,00;0,00;0,00;12.362,67;-368,72;-1.409,13;-7.070,26;-7.070,26;-7.070,26;-7.070,26;-324.540,65;-59.981,99;-59.981,99;-59.981,99;-59.981,99;-112.893,63;-707.421,13
1.665.000.0000;Transferências de Convênios e Instrumentos Congêneres Vinculados à Assistência Social;176,24;176,24;176,24;176,24;176,24;176,24;176,24;176,24;176,24;176,24;176,24;176,23;2.114,87;0,00;0,00;0,00;0,00;0,00;0,00;0,00;0,00;0,00;0,00;0,00;0,00;0,00;-176,24;-176,24;-176,24;-176,24;-176,24;-176,24;-176,24;-176,24;-176,24;-176,24;-176,24;-176,23;-2.114,87
1.700.000.0000;Outras Transferências de Convênios ou Instrumentos Congêneres da União;249.128,05;249.128,05;249.128,05;249.128,05;249.128,05;249.128,05;249.128,05;249.128,05;249.128,05;249.128,05;249.128,05;249.128,03;2.989.536,58;10.468,04;1.159.805,45;0,00;0,00;0,00;0,00;0,00;0,00;0,00;0,00;0,00;0,00;1.170.273,49;-238.660,01;910.677,40;-249.128,05;-249.128,05;-249.128,05;-249.128,05;-249.128,05;-249.128,05;-249.128,05;-249.128,05;-249.128,05;-249.128,03;-1.819.263,09
1.701.000.0000;Outras Transferências de Convênios ou Instrumentos Congêneres dos Estados;0,00;0,00;0,00;0,00;0,00;0,00;0,00;0,00;0,00;0,00;0,00;0,00;0,00;9.927,81;8.038,93;0,00;0,00;0,00;0,00;0,00;0,00;0,00;0,00;0,00;0,00;17.966,74;9.927,81;8.038,93;0,00;0,00;0,00;0,00;0,00;0,00;0,00;0,00;0,00;0,00;17.966,74
1.701.000.0000;Outras Transferências de Convênios ou Instrumentos Congêneres dos Estados;0,00;0,00;0,00;0,00;0,00;0,00;0,00;0,00;0,00;0,00;0,00;0,00;0,00;9.927,81;8.038,93;0,00;0,00;0,00;0,00;0,00;0,00;0,00;0,00;0,00;0,00;17.966,74;9.927,81;8.038,93;0,00;0,00;0,00;0,00;0,00;0,00;0,00;0,00;0,00;0,00;17.966,74
1.704.000.0000;Transferências da União Referentes a Compensações Financeiras pela Exploração de Recursos Naturais;596.164,43;672.797,97;643.619,25;537.816,92;599.121,42;531.434,92;487.993,85;505.925,20;578.026,09;517.452,86;484.332,05;373.641,61;6.528.326,57;364.292,25;377.349,06;0,00;0,00;0,00;0,00;0,00;0,00;0,00;0,00;0,00;0,00;741.641,31;-231.872,18;-295.448,91;-643.619,25;-537.816,92;-599.121,42;-531.434,92;-487.993,85;-505.925,20;-578.026,09;-517.452,86;-484.332,05;-373.641,61;-5.786.685,26
1.706.000.3110;Transferência Especial da União - Transferências da União decorrentes de emendas parlamentares individuais;18.887,48;18.887,48;18.887,48;18.887,48;18.887,48;18.887,48;18.887,48;18.887,48;18.887,48;18.887,48;18.887,48;18.887,50;226.649,78;16.256,61;14.058,21;0,00;0,00;0,00;0,00;0,00;0,00;0,00;0,00;0,00;0,00;30.314,82;-2.630,87;-4.829,27;-18.887,48;-18.887,48;-18.887,48;-18.887,48;-18.887,48;-18.887,48;-18.887,48;-18.887,48;-18.887,48;-18.887,50;-196.334,96
1.707.000.0000;Transferências da União – inciso I do art. 5º da Lei Complementar 173/2020;154,24;154,24;154,24;154,24;154,24;154,24;154,24;154,24;154,24;154,24;154,24;154,20;1.850,84;242,83;210,39;0,00;0,00;0,00;0,00;0,00;0,00;0,00;0,00;0,00;0,00;453,22;88,59;56,15;-154,24;-154,24;-154,24;-154,24;-154,24;-154,24;-154,24;-154,24;-154,24;-154,20;-1.397,62
1.708.000.0000;Transferência da União Referente à Compensação Financeira de Recursos Minerais;1.658,25;5.822,48;3.855,56;3.947,36;3.773,32;2.595,85;2.318,50;2.431,57;5.531,77;3.285,62;70.945,49;28.828,18;134.993,95;8.564,84;7.942,05;0,00;0,00;0,00;0,00;0,00;0,00;0,00;0,00;0,00;0,00;16.506,89;6.906,59;2.119,57;-3.855,56;-3.947,36;-3.773,32;-2.595,85;-2.318,50;-2.431,57;-5.531,77;-3.285,62;-70.945,49;-28.828,18;-118.487,06
1.710.000.3210;Identificação das Transferências dos Estados decorrentes de emendas parlamentares individuais;13.637,76;13.637,76;13.637,76;13.637,76;13.637,76;13.637,76;13.637,76;13.637,76;13.637,76;13.637,76;13.637,76;13.637,72;163.653,08;13.110,16;11.358,30;0,00;0,00;0,00;0,00;0,00;0,00;0,00;0,00;0,00;0,00;24.468,46;-527,60;-2.279,46;-13.637,76;-13.637,76;-13.637,76;-13.637,76;-13.637,76;-13.637,76;-13.637,76;-13.637,76;-13.637,76;-13.637,72;-139.184,62
1.710.000.3220;Identificação das Transferências dos Estados decorrentes de emendas parlamentares de bancada;2.908,61;2.908,61;2.908,61;2.908,61;2.908,61;2.908,61;2.908,61;2.908,61;2.908,61;2.908,61;2.908,61;2.908,62;34.903,33;11.480,90;9.948,36;0,00;0,00;0,00;0,00;0,00;0,00;0,00;0,00;0,00;0,00;21.429,26;8.572,29;7.039,75;-2.908,61;-2.908,61;-2.908,61;-2.908,61;-2.908,61;-2.908,61;-2.908,61;-2.908,61;-2.908,61;-2.908,62;-13.474,07
1.710.010.0000;Transferência Especial dos Estados (Transf. Esp. Estado - Acordo Judicial Reparação Impactos Socioeconômicos e Ambientais-Barragem Brumadinho);17.540,38;17.540,38;17.540,38;17.540,38;17.540,38;17.540,38;17.540,38;17.540,38;17.540,38;17.540,38;17.540,38;17.540,34;210.484,52;17.970,27;14.030,27;0,00;0,00;0,00;0,00;0,00;0,00;0,00;0,00;0,00;0,00;32.000,54;429,89;-3.510,11;-17.540,38;-17.540,38;-17.540,38;-17.540,38;-17.540,38;-17.540,38;-17.540,38;-17.540,38;-17.540,38;-17.540,34;-178.483,98
1.718.000.0000;Auxílio Financeiro - Outorga Crédito Tributário ICMS - Art. 5º, Inciso V, EC nº 123/2022;2.833,52;2.833,52;2.833,52;2.833,52;2.833,52;2.833,52;2.833,52;2.833,52;2.833,52;2.833,52;2.833,52;2.833,56;34.002,28;3.924,83;3.400,62;0,00;0,00;0,00;0,00;0,00;0,00;0,00;0,00;0,00;0,00;7.325,45;1.091,31;567,10;-2.833,52;-2.833,52;-2.833,52;-2.833,52;-2.833,52;-2.833,52;-2.833,52;-2.833,52;-2.833,52;-2.833,56;-26.676,83
1.719.000.0000;Transferências da Política Nacional Aldir Blanc de Fomento à Cultura - Lei nº 14.399/202;6.155,40;6.155,40;6.155,40;6.155,40;6.155,40;6.155,40;6.155,40;6.155,40;6.155,40;6.155,40;6.155,40;6.155,47;73.864,87;886.245,06;7.315,49;0,00;0,00;0,00;0,00;0,00;0,00;0,00;0,00;0,00;0,00;893.560,55;880.089,66;1.160,09;-6.155,40;-6.155,40;-6.155,40;-6.155,40;-6.155,40;-6.155,40;-6.155,40;-6.155,40;-6.155,40;-6.155,47;819.695,68
1.720.000.0000;Transferência da União referentes às participações na exploração de Petróleo e Gás Natural destinadas ao FEP - Lei 9.478/1997;168.878,38;186.757,39;199.757,43;167.129,06;185.591,19;167.633,72;164.449,74;175.143,09;188.097,11;174.734,18;166.891,46;171.508,70;2.116.571,45;149.525,23;167.730,37;0,00;0,00;0,00;0,00;0,00;0,00;0,00;0,00;0,00;0,00;317.255,60;-19.353,15;-19.027,02;-199.757,43;-167.129,06;-185.591,19;-167.633,72;-164.449,74;-175.143,09;-188.097,11;-174.734,18;-166.891,46;-171.508,70;-1.799.315,85
1.750.000.0000;Recursos da Contribuição de Intervenção no Domínio Econômico - CIDE;76.272,47;5.554,81;5.554,81;71.369,57;5.554,81;5.554,81;77.950,03;5.554,81;5.554,81;81.896,69;5.554,81;5.554,83;351.927,26;42.105,02;6.005,64;0,00;0,00;0,00;0,00;0,00;0,00;0,00;0,00;0,00;0,00;48.110,66;-34.167,45;450,83;-5.554,81;-71.369,57;-5.554,81;-5.554,81;-77.950,03;-5.554,81;-5.554,81;-81.896,69;-5.554,81;-5.554,83;-303.816,60
1.751.000.0000;Recursos da Contribuição para o Custeio do Serviço de Iluminação Pública - COSIP;1.081.410,22;951.463,89;953.284,58;984.940,82;1.142.052,20;971.484,18;1.004.746,37;1.124.446,51;844.728,03;894.845,43;890.973,17;817.808,00;11.662.183,40;1.080.373,95;1.026.977,55;609.268,81;0,00;0,00;0,00;0,00;0,00;0,00;0,00;0,00;0,00;2.716.620,31;-1.036,27;75.513,66;-344.015,77;-984.940,82;-1.142.052,20;-971.484,18;-1.004.746,37;-1.124.446,51;-844.728,03;-894.845,43;-890.973,17;-817.808,00;-8.945.563,09
1.752.000.0000;Recursos Vinculados ao Trânsito;215.571,01;183.082,31;171.183,86;188.290,66;191.560,81;172.617,30;199.707,96;167.970,23;231.417,64;199.033,86;168.624,57;167.737,31;2.256.797,52;183.923,83;159.394,53;95.958,48;0,00;0,00;0,00;0,00;0,00;0,00;0,00;0,00;0,00;439.276,84;-31.647,18;-23.687,78;-75.225,38;-188.290,66;-191.560,81;-172.617,30;-199.707,96;-167.970,23;-231.417,64;-199.033,86;-168.624,57;-167.737,31;-1.817.520,68
1.753.000.0000;Recursos Provenientes de Taxas, Contribuições e Preços Públicos;444.558,67;612.619,36;486.207,14;1.824.824,96;4.129.256,94;1.194.114,51;1.333.038,23;1.275.613,99;1.467.567,72;2.469.421,09;1.820.332,94;1.503.824,42;18.561.379,97;1.882.876,80;1.988.008,77;2.241.809,53;0,00;0,00;0,00;0,00;0,00;0,00;0,00;0,00;0,00;6.112.695,10;1.438.318,13;1.375.389,41;1.755.602,39;-1.824.824,96;-4.129.256,94;-1.194.114,51;-1.333.038,23;-1.275.613,99;-1.467.567,72;-2.469.421,09;-1.820.332,94;-1.503.824,42;-12.448.684,87
1.754.000.0000;Recursos de Operações de Crédito;1.866.455,03;1.866.455,03;1.866.455,03;1.866.455,03;1.866.455,03;1.866.455,03;1.866.455,03;1.866.455,03;1.866.455,03;1.866.455,03;1.866.455,03;1.866.454,99;22.397.460,32;0,00;0,00;0,00;0,00;0,00;0,00;0,00;0,00;0,00;0,00;0,00;0,00;0,00;-1.866.455,03;-1.866.455,03;-1.866.455,03;-1.866.455,03;-1.866.455,03;-1.866.455,03;-1.866.455,03;-1.866.455,03;-1.866.455,03;-1.866.455,03;-1.866.455,03;-1.866.454,99;-22.397.460,32
1.755.000.0000;Recursos de Alienação de Bens/Ativos - Administração Direta;1.868,12;260.159,97;1.868,12;1.868,12;1.868,12;1.868,12;1.868,12;1.868,12;1.868,12;1.868,12;1.868,12;1.868,06;280.709,23;2.953,95;2.559,42;0,00;0,00;0,00;0,00;0,00;0,00;0,00;0,00;0,00;0,00;5.513,37;1.085,83;-257.600,55;-1.868,12;-1.868,12;-1.868,12;-1.868,12;-1.868,12;-1.868,12;-1.868,12;-1.868,12;-1.868,12;-1.868,06;-275.195,86
1.756.000.0000;Recursos de Alienação de Bens/Ativos - Administração Indireta;13.157,15;13.157,15;13.157,15;13.157,15;13.157,15;13.157,15;13.157,15;13.157,15;13.157,15;13.157,15;13.157,15;13.157,06;157.885,71;4.808,18;4.148,18;0,00;0,00;0,00;0,00;0,00;0,00;0,00;0,00;0,00;0,00;8.956,36;-8.348,97;-9.008,97;-13.157,15;-13.157,15;-13.157,15;-13.157,15;-13.157,15;-13.157,15;-13.157,15;-13.157,15;-13.157,15;-13.157,06;-148.929,35
1.800.000.0000;Recursos vinculados ao RPPS - Fundo em Capitalização (Plano Previdenciário);2.794.857,63;5.791.363,15;1.871.317,78;6.517.276,73;1.438.990,49;3.553.371,74;3.748.216,07;3.140.288,37;3.004.769,00;3.279.495,43;3.335.727,74;8.456.525,87;46.932.200,00;133.068,17;3.548.364,21;3.782.202,74;0,00;0,00;0,00;0,00;0,00;0,00;0,00;0,00;0,00;7.463.635,12;-2.661.789,46;-2.242.998,94;1.910.884,96;-6.517.276,73;-1.438.990,49;-3.553.371,74;-3.748.216,07;-3.140.288,37;-3.004.769,00;-3.279.495,43;-3.335.727,74;-8.456.525,87;-39.468.564,88
1.800.000.0000;Recursos vinculados ao RPPS - Fundo em Capitalização (Plano Previdenciário);2.794.857,63;5.791.363,15;1.871.317,78;6.517.276,73;1.438.990,49;3.553.371,74;3.748.216,07;3.140.288,37;3.004.769,00;3.279.495,43;3.335.727,74;8.456.525,87;46.932.200,00;133.068,17;3.548.364,21;3.782.202,74;0,00;0,00;0,00;0,00;0,00;0,00;0,00;0,00;0,00;7.463.635,12;-2.661.789,46;-2.242.998,94;1.910.884,96;-6.517.276,73;-1.438.990,49;-3.553.371,74;-3.748.216,07;-3.140.288,37;-3.004.769,00;-3.279.495,43;-3.335.727,74;-8.456.525,87;-39.468.564,88
